pool_size,comp_time
1,14200.85
4,11134.615
9,11792.439999999999
16,12635.619999999999
25,12607.25
36,12821.885
49,13290.26
