pool_size,comp_time
1,29188.766666666666
4,22770.100000000002
9,24609.066666666666
16,26234.833333333332
25,26130.333333333332
36,28933.100000000002
49,30270.433333333334
