pool_size,comp_time
1,31653.933333333334
4,24621.466666666664
9,26244.899999999998
16,28409.666666666668
25,29085.666666666668
36,31745.533333333336
49,32639.533333333336
