pool_size,comp_time
1,16362.776923076923
4,13560.872727272728
9,13611.0
16,14738.591666666667
25,15202.007692307692
36,15782.550000000001
49,16047.890909090907
