pool_size,comp_time
1,15406.566666666666
4,13302.5
9,13181.566666666666
16,13830.733333333332
25,13455.0
36,14192.233333333332
49,15125.166666666666
