pool_size,comp_time
1,12531.5
4,9737.05
9,10544.8
16,10828.166666666666
25,11473.133333333333
36,11816.35
49,12416.1
