pool_size,comp_time
1,18919.916666666668
4,15634.233333333334
9,15839.900000000001
16,17005.469999999998
25,17488.518181818185
36,18460.66
49,18352.245454545457
