{
  "building_type": "small_warehouse_e10",
  "floor1": {
    "self": [
      0,
      0,
      0,
      50,
      20,
      0
    ],
    "shelfs": [
      15.000000000000002,
      2.0,
      0,
      17.0,
      18.0,
      0,
      20.0,
      2.0,
      0,
      22.0,
      18.0,
      0,
      25.0,
      2.0,
      0,
      27.0,
      18.0,
      0,
      30.0,
      2.0,
      0,
      32.0,
      18.0,
      0,
      35.0,
      2.0,
      0,
      37.0,
      18.0,
      0,
      40.0,
      2.0,
      0,
      42.0,
      18.0,
      0
    ],
    "elevator": [
      0,
      7.5,
      0,
      2.0,
      12.5,
      0
    ]
  },
  "floor2": {
    "self": [
      0,
      0,
      9,
      50,
      20,
      9
    ],
    "shelfs": [
      15.000000000000002,
      2.0,
      9,
      17.0,
      18.0,
      9,
      20.0,
      2.0,
      9,
      22.0,
      18.0,
      9,
      25.0,
      2.0,
      9,
      27.0,
      18.0,
      9,
      30.0,
      2.0,
      9,
      32.0,
      18.0,
      9,
      35.0,
      2.0,
      9,
      37.0,
      18.0,
      9,
      40.0,
      2.0,
      9,
      42.0,
      18.0,
      9
    ],
    "elevator": [
      0,
      7.5,
      9,
      2.0,
      12.5,
      9
    ]
  },
  "floor3": {
    "self": [
      0,
      0,
      18,
      50,
      20,
      18
    ],
    "shelfs": [
      15.000000000000002,
      2.0,
      18,
      17.0,
      18.0,
      18,
      20.0,
      2.0,
      18,
      22.0,
      18.0,
      18,
      25.0,
      2.0,
      18,
      27.0,
      18.0,
      18,
      30.0,
      2.0,
      18,
      32.0,
      18.0,
      18,
      35.0,
      2.0,
      18,
      37.0,
      18.0,
      18,
      40.0,
      2.0,
      18,
      42.0,
      18.0,
      18
    ],
    "elevator": [
      0,
      7.5,
      18,
      2.0,
      12.5,
      18
    ]
  }
}