{
  "building_type": "small_warehouse",
  "floor1": {
    "self": [
      0,
      0,
      0,
      50,
      20,
      0
    ],
    "shelfs": [
      15.000000000000002,
      2.0,
      0,
      17.0,
      18.0,
      0,
      20.0,
      2.0,
      0,
      22.0,
      18.0,
      0,
      25.0,
      2.0,
      0,
      27.0,
      18.0,
      0,
      30.0,
      2.0,
      0,
      32.0,
      18.0,
      0,
      35.0,
      2.0,
      0,
      37.0,
      18.0,
      0,
      40.0,
      2.0,
      0,
      42.0,
      18.0,
      0
    ],
    "elevator": [
      0,
      7.5,
      0,
      2.0,
      12.5,
      0
    ]
  },
  "floor2": {
    "self": [
      0,
      0,
      9,
      50,
      20,
      9
    ],
    "shelfs": [
      15.000000000000002,
      2.0,
      9,
      17.0,
      18.0,
      9,
      20.0,
      2.0,
      9,
      22.0,
      18.0,
      9,
      25.0,
      2.0,
      9,
      27.0,
      18.0,
      9,
      30.0,
      2.0,
      9,
      32.0,
      18.0,
      9,
      35.0,
      2.0,
      9,
      37.0,
      18.0,
      9,
      40.0,
      2.0,
      9,
      42.0,
      18.0,
      9
    ],
    "elevator": [
      0,
      7.5,
      9,
      2.0,
      12.5,
      9
    ]
  },
  "floor3": {
    "self": [
      0,
      0,
      18,
      50,
      20,
      18
    ],
    "shelfs": [
      15.000000000000002,
      2.0,
      18,
      17.0,
      18.0,
      18,
      20.0,
      2.0,
      18,
      22.0,
      18.0,
      18,
      25.0,
      2.0,
      18,
      27.0,
      18.0,
      18,
      30.0,
      2.0,
      18,
      32.0,
      18.0,
      18,
      35.0,
      2.0,
      18,
      37.0,
      18.0,
      18,
      40.0,
      2.0,
      18,
      42.0,
      18.0,
      18
    ],
    "elevator": [
      0,
      7.5,
      18,
      2.0,
      12.5,
      18
    ]
  },
  "floor4": {
    "self": [
      0,
      0,
      27,
      50,
      20,
      27
    ],
    "shelfs": [
      15.000000000000002,
      2.0,
      27,
      17.0,
      18.0,
      27,
      20.0,
      2.0,
      27,
      22.0,
      18.0,
      27,
      25.0,
      2.0,
      27,
      27.0,
      18.0,
      27,
      30.0,
      2.0,
      27,
      32.0,
      18.0,
      27,
      35.0,
      2.0,
      27,
      37.0,
      18.0,
      27,
      40.0,
      2.0,
      27,
      42.0,
      18.0,
      27
    ],
    "elevator": [
      0,
      7.5,
      27,
      2.0,
      12.5,
      27
    ]
  },
  "floor5": {
    "self": [
      0,
      0,
      36,
      50,
      20,
      36
    ],
    "shelfs": [
      15.000000000000002,
      2.0,
      36,
      17.0,
      18.0,
      36,
      20.0,
      2.0,
      36,
      22.0,
      18.0,
      36,
      25.0,
      2.0,
      36,
      27.0,
      18.0,
      36,
      30.0,
      2.0,
      36,
      32.0,
      18.0,
      36,
      35.0,
      2.0,
      36,
      37.0,
      18.0,
      36,
      40.0,
      2.0,
      36,
      42.0,
      18.0,
      36
    ],
    "elevator": [
      0,
      7.5,
      36,
      2.0,
      12.5,
      36
    ]
  },
  "floor6": {
    "self": [
      0,
      0,
      45,
      50,
      20,
      45
    ],
    "shelfs": [
      15.000000000000002,
      2.0,
      45,
      17.0,
      18.0,
      45,
      20.0,
      2.0,
      45,
      22.0,
      18.0,
      45,
      25.0,
      2.0,
      45,
      27.0,
      18.0,
      45,
      30.0,
      2.0,
      45,
      32.0,
      18.0,
      45,
      35.0,
      2.0,
      45,
      37.0,
      18.0,
      45,
      40.0,
      2.0,
      45,
      42.0,
      18.0,
      45
    ],
    "elevator": [
      0,
      7.5,
      45,
      2.0,
      12.5,
      45
    ]
  },
  "floor7": {
    "self": [
      0,
      0,
      54,
      50,
      20,
      54
    ],
    "shelfs": [
      15.000000000000002,
      2.0,
      54,
      17.0,
      18.0,
      54,
      20.0,
      2.0,
      54,
      22.0,
      18.0,
      54,
      25.0,
      2.0,
      54,
      27.0,
      18.0,
      54,
      30.0,
      2.0,
      54,
      32.0,
      18.0,
      54,
      35.0,
      2.0,
      54,
      37.0,
      18.0,
      54,
      40.0,
      2.0,
      54,
      42.0,
      18.0,
      54
    ],
    "elevator": [
      0,
      7.5,
      54,
      2.0,
      12.5,
      54
    ]
  }
}